Component,Pearson r,P-value,Statistically Significant?
Constriction_Ratio,-0.19604922462157184,0.0015869640146706522,Yes
Culvert_Length,0.0635819308940411,0.3099367192336345,No
Culvert_Width,0.16411417010871351,0.008388436144437107,Yes
Culvert_Slope,-0.003778163139517563,0.9519377900006178,No
Drainage_Area,0.14231389067994896,0.02249106356101678,Yes
