Component,Pearson r,P-value,Statistically Significant?
Constriction_Ratio,-0.2749117883242504,0.003815393509328058,Yes
Culvert_Length,-0.14134731280402135,0.1426299190919904,No
Culvert_Width,-0.11542871957131255,0.23200208551407983,No
Culvert_Slope,-0.1624345343570852,0.09149921081053428,No
Culvert_Height,-0.14740294781899962,0.12612619938673678,No
